Location,lon,lat
Admiralty,103.819836,1.352083
Ang Mo Kio,103.8454342,1.3691149
Botanic Garden,103.8159136,1.3138397
Bukit Panjang,103.7719498,1.3774142
Bukit Timah,103.8020777,1.3294113
Chai Chee,103.9226738,1.328415
Changi,103.9832089,1.3450101
Choa Chu Kang Central,103.7467587,1.381097
Choa Chu Kang South,103.7469611,1.3839803
Clementi,103.7649377,1.3161811
Dhoby Ghaut,103.8455015,1.2989432
East Coast Parkway,103.9234317,1.3052353
Jurong West,103.7089875,1.3403898
Jurong Island,103.6767958,1.2759631
Jurong Pier,103.7098104,1.3136947
Kent Ridge,103.7830556,1.2933333
Kranji Reservoir,103.7390537,1.4244898
Lim Chu Kang,103.7173325,1.4304941
Lower Peirce Reservoir,103.8230752,1.3700154
Macritchie Reservoir,103.8223506,1.3447621
Marina Barrage,103.8711213,1.280681
Marine Parade,103.8970821,1.3019687
Newton,103.8403765,1.3075517
Nicoll Highway,103.864928,1.3018444
Pasir Panjang,103.819836,1.352083
Pasir Ris Central,103.9491595,1.3721913
Pasir Ris West,103.9364834,1.3798855
Paya Lebar,103.899516,1.3516087
Pulau Ubin,103.9577334,1.4125659
Punggol,103.9072046,1.3984457
Queenstown,103.7981323,1.3012507
Seletar,103.8663418,1.405163
Semakau Island,103.7709177,1.2064868
Sentosa Island,103.8303209,1.2494041
Serangoon,103.8678708,1.3553567
Simei,103.949471,1.3399194
Somerset Road,103.8383831,1.3004771
Tai Seng,103.8877164,1.3358756
Tanjong Katong,103.9049556,1.3059671
Tengah,103.7308145,1.3555189
Toa Payoh,103.8563265,1.3343035
Tuas,103.6304833,1.2949472
Tuas South,103.6261471,1.3070786
Ulu Pandan,103.7601809,1.3333586
Upper Peirce Reservoir,103.8027893,1.3677898
Whampoa,103.8572252,1.3245132
